id,game,start_date,end_date,price,publisher,year,real_value
1,Subnautica,12/12/2018,27/12/2018,29.99,Unknown Worlds Entertainment,2018,39.5868
2,Super Meat Boy,28/12/2018,10/01/2019,14.99,Team Meat,2018,19.7868
3,What Remains of Edith Finch,11/01/2019,24/01/2019,19.99,Annapurna Interactive,2019,25.7871
4,The Jackbox Party Pack,24/01/2019,07/02/2019,24.99,"Jackbox Games, Inc.",2019,32.2371
5,Axiom Verge,07/02/2019,21/02/2019,19.99,Thomas Happ Games Llc,2019,25.7871
6,Thimbleweed Park,21/02/2019,07/03/2019,19.99,Terrible Toybox,2019,25.7871
7,Slime Rancher,07/03/2019,21/03/2019,19.99,Monomi Park,2019,25.7871
8,Oxenfree,21/03/2019,04/04/2019,9.99,Night School Studio,2019,12.8871
9,The Witness,04/04/2019,18/04/2019,39.99,"Thekla, Inc.",2019,51.58710000000001
10,Transistor,18/04/2019,02/05/2019,19.99,Supergiant Games,2019,25.7871
11,World of Goo,02/05/2019,16/05/2019,14.99,2D Boy,2019,19.3371
12,Stories Untold,16/05/2019,30/05/2019,9.99,Devolver Digital,2019,12.8871
13,RiME,23/05/2019,30/05/2019,29.99,Grey Box,2019,38.6871
14,City of Brass,30/05/2019,06/06/2019,19.99,Uppercut Games Pty Ltd,2019,25.7871
15,Kingdom: New Lands,06/06/2019,13/06/2019,14.99,Raw Fury,2019,19.3371
16,Enter the Gungeon,13/06/2019,20/06/2019,14.99,Devolver Digital,2019,19.3371
17,Rebel Galaxy,20/06/2019,27/06/2019,19.99,Double Damage Games,2019,25.7871
18,Last Day of June,27/06/2019,04/07/2019,19.99,505 Games,2019,25.7871
19,Overcooked!,04/07/2019,11/07/2019,16.99,Team17 Digital Ltd,2019,21.917099999999998
20,Torchlight,11/07/2019,18/07/2019,14.99,Xd,2019,19.3371
21,Limbo,18/07/2019,25/07/2019,12.49,Playdead,2019,16.1121
22,Moonlighter,25/07/2019,01/08/2019,19.99,11 Bit Studios,2019,25.7871
23,This War of Mine,25/07/2019,01/08/2019,19.99,11 Bit Studios,2019,25.7871
24,Alan Wake,02/08/2019,09/08/2019,14.99,Remedy Entertainment,2019,19.3371
25,For Honor,02/08/2019,09/08/2019,29.99,Ubisoft,2019,38.6871
26,GNOG,08/08/2019,15/08/2019,9.99,Ko_Op,2019,12.8871
27,Hyper Light Drifter,15/08/2019,22/08/2019,19.99,Heart Machine,2019,25.7871
28,Mutant Year Zero: Road to Eden,15/08/2019,22/08/2019,34.99,Funcom,2019,45.137100000000004
29,Fez,22/08/2019,29/08/2019,9.99,Trapdoor,2019,12.8871
30,Celeste,29/08/2019,05/09/2019,19.99,Maddy Makes Games Inc.,2019,25.7871
31,Inside,29/08/2019,05/09/2019,24.99,Playdead,2019,32.2371
32,ABZU,05/09/2019,12/09/2019,19.99,505 Games,2019,25.7871
33,The End is Nigh,05/09/2019,12/09/2019,14.99,Edmund Mcmillen,2019,19.3371
34,Conarium,12/09/2019,19/09/2019,19.99,Iceberg Interactive,2019,25.7871
35,Batman: Arkham Collection,19/09/2019,26/09/2019,59.99,Wb Games,2019,77.3871
36,LEGO Batman Trilogy,19/09/2019,26/09/2019,49.99,Warner Bros. Interactive Entertainment,2019,64.4871
37,Everything,26/09/2019,03/10/2019,14.99,David Oreilly,2019,19.3371
38,Metro 2033 Redux,26/09/2019,03/10/2019,19.99,Deep Silver,2019,25.7871
39,Minit,03/10/2019,10/10/2019,9.99,Devolver Digital,2019,12.8871
40,Surviving Mars,10/10/2019,17/10/2019,29.99,Paradox Interactive,2019,38.6871
41,Alan Wake's: American Nightmare,17/10/2019,28/10/2019,8.99,Remedy Entertainment,2019,11.597100000000001
42,Layers of Fear,24/10/2019,31/10/2019,29.99,Bloober Team Sa,2019,38.6871
43,Observer,24/10/2019,31/10/2019,29.99,Bloober Team,2019,38.6871
44,Costume Quest,31/10/2019,07/11/2019,9.99,Double Fine Productions,2019,12.8871
45,Q.U.B.E. 2,31/10/2019,07/11/2019,24.99,Trapped Nerve Games,2019,32.2371
46,SOMA,31/10/2019,07/11/2019,29.99,Frictional Games,2019,38.6871
47,Nuclear Throne,07/11/2019,14/11/2019,11.99,Vlambeer,2019,15.4671
48,Ruiner,07/11/2019,14/11/2019,19.99,Devolver Digital,2019,25.7871
49,The Messenger,14/11/2019,21/11/2019,19.99,Devolver Digital,2019,25.7871
50,Bad North: Jotunn Edition,21/11/2019,29/11/2019,14.99,Raw Fury,2019,19.3371
51,Rayman Legends,29/11/2019,06/12/2019,29.99,Ubisoft,2019,38.6871
52,Jotun: Valhalla Edition,05/12/2019,12/12/2019,14.99,Thunder Lotus,2019,19.3371
53,The Escapists,12/12/2019,19/12/2019,17.99,Team17,2019,23.207099999999997
54,The Wolf Among Us,12/12/2019,19/12/2019,14.99,Telltale,2019,19.3371
55,Into the Breach,19/12/2019,20/12/2019,14.99,Subset Games,2019,19.3371
56,TowerFall Ascension,20/12/2019,21/12/2019,14.99,Maddy Makes Games,2019,19.3371
57,Superhot,21/12/2019,22/12/2019,24.99,Superhot Team,2019,32.2371
58,Little Inferno,22/12/2019,23/12/2019,14.99,Tomorrow Corporation,2019,19.3371
59,Ape Out,23/12/2019,24/12/2019,14.99,Devolver Digital,2019,19.3371
60,Celeste,24/12/2019,25/12/2019,19.99,Maddy Makes Games Inc.,2019,25.7871
61,Totally Accurate Battle Simulator,25/12/2019,26/12/2019,19.99,Landfall,2019,25.7871
62,FTL: Faster Than Light,26/12/2019,27/12/2019,9.99,Subset Games,2019,12.8871
63,Hyper Light Drifter,27/12/2019,28/12/2019,19.99,Heart Machine,2019,25.7871
64,Shadow Tactics: Blades of the Shogun,28/12/2019,29/12/2019,39.99,Daedalic Entertainment,2019,51.58710000000001
65,The Talos Principle,29/12/2019,30/12/2019,29.99,Devolver Digital,2019,38.6871
66,Hello Neighbor,30/12/2019,31/12/2019,29.99,Tinybuild,2019,38.6871
67,Yooka-Laylee and the Impossible Lair,31/12/2019,01/01/2020,29.99,Team17 Digital Ltd,2019,38.6871
68,Darksiders,01/01/2020,09/01/2020,39.99,Thq Nordic,2020,50.7873
69,Darksiders II,01/01/2020,09/01/2020,39.99,Thq Nordic,2020,50.7873
70,Steep,01/01/2020,09/01/2020,29.99,Ubisoft,2020,38.0873
71,Sundered: Eldritch Edition,09/01/2020,16/01/2020,19.99,Thunder Lotus,2020,25.3873
72,Horace,16/01/2020,23/01/2020,14.99,505 Games,2020,19.037300000000002
73,The Bridge,23/01/2020,30/01/2020,9.99,The Quantum Astrophysicists Guild,2020,12.6873
74,Farming Simulator 19,30/01/2020,06/02/2020,17.99,Giants Software,2020,22.847299999999997
75,Carcassonne,06/02/2020,13/02/2020,9.99,Twin Sails Interactive,2020,12.6873
76,Ticket to Ride,06/02/2020,13/02/2020,14.99,Marmalade Game Studio Ltd,2020,19.037300000000002
77,Aztez,13/02/2020,20/02/2020,19.99,Team Colorblind,2020,25.3873
78,Kingdom Come: Deliverance,13/02/2020,20/02/2020,29.99,Warhorse Studios,2020,38.0873
79,Assassin's Creed Syndicate,20/02/2020,27/02/2020,29.99,Ubisoft,2020,38.0873
80,Faeria,20/02/2020,27/02/2020,19.99,Versus Evil,2020,25.3873
81,InnerSpace,27/02/2020,05/03/2020,19.99,Aspyr,2020,25.3873
82,GoNNER,05/03/2020,12/03/2020,9.99,Raw Fury,2020,12.6873
83,Offworld Trading Company,05/03/2020,12/03/2020,29.99,Stardock Entertainment,2020,38.0873
84,A Short Hike,12/03/2020,19/03/2020,7.99,Adamgryu,2020,10.1473
85,Anodyne 2: Return to Dust,12/03/2020,19/03/2020,19.99,Analgesic Productions,2020,25.3873
86,Mutazione,12/03/2020,19/03/2020,19.99,Akupara Games,2020,25.3873
87,The Stanley Parable,19/03/2020,26/03/2020,14.99,Galactic Cafe,2020,19.037300000000002
88,Watch Dogs,19/03/2020,26/03/2020,19.99,Ubisoft,2020,25.3873
89,Figment,26/03/2020,02/04/2020,19.99,Bedtime Digital Games,2020,25.3873
90,Tormentor x Punisher,26/03/2020,02/04/2020,7.99,Raw Fury,2020,10.1473
91,World War Z,26/03/2020,02/04/2020,29.99,Saber Interactive Inc,2020,38.0873
92,Drawful 2,02/04/2020,09/04/2020,9.99,"Jackbox Games, Inc.",2020,12.6873
93,Gone Home,02/04/2020,09/04/2020,14.99,Fullbright,2020,19.037300000000002
94,Hob,02/04/2020,09/04/2020,19.99,Arc Games,2020,25.3873
95,Totally Reliable Delivery Service,02/04/2020,09/04/2020,14.99,Infogrames,2020,19.037300000000002
96,Close to the Sun,09/04/2020,16/04/2020,19.99,Wired Productions,2020,25.3873
97,Sherlock Holmes: Crimes and Punishments,09/04/2020,16/04/2020,29.99,Frogwares,2020,38.0873
98,Just Cause 4,16/04/2020,23/04/2020,59.99,Square Enix,2020,76.18730000000001
99,Wheels of Aurelia,16/04/2020,23/04/2020,14.99,Santa Ragione,2020,19.037300000000002
100,For the King,23/04/2020,30/04/2020,19.99,Curve Games,2020,25.3873
101,Amnesia: The Dark Descent,30/04/2020,07/05/2020,19.99,Frictional Games,2020,25.3873
102,Crashlands,30/04/2020,07/05/2020,14.99,Butterscotch Shenanigans,2020,19.037300000000002
103,Death Coming,07/05/2020,14/05/2020,6.99,Next Studios,2020,8.8773
104,Grand Theft Auto V,14/05/2020,21/05/2020,29.99,Rockstar Games,2020,38.0873
105,Sid Meier's Civilization VI,21/05/2020,28/05/2020,59.99,2K,2020,76.18730000000001
106,Borderlands 2,28/05/2020,04/06/2020,19.99,2K,2020,25.3873
107,Borderlands: The Handsome Collection,28/05/2020,04/06/2020,59.99,2K,2020,76.18730000000001
108,Borderlands: The Pre-Sequel,28/05/2020,04/06/2020,39.99,2K,2020,50.7873
109,Overcooked!,04/06/2020,11/06/2020,16.99,Team17 Digital Ltd,2020,21.577299999999997
110,Ark: Survival Evolved,11/06/2020,18/06/2020,14.99,Studio Wildcard,2020,19.037300000000002
111,Samurai Shodown NeoGeo Collection,11/06/2020,18/06/2020,39.99,Snk Corporation,2020,50.7873
112,Pathway,18/06/2020,25/06/2020,15.99,Chucklefish,2020,20.3073
113,AER: Memories of Old,25/06/2020,02/07/2020,14.99,Daedalic Entertainment,2020,19.037300000000002
114,Stranger Things 3: The Game,25/06/2020,02/07/2020,0.0,Netflix Games,2020,0.0
115,Hue,02/07/2020,09/07/2020,14.99,Curve Games,2020,19.037300000000002
116,Killing Floor 2,09/07/2020,16/07/2020,29.99,Tripwire Interactive,2020,38.0873
117,Lifeless Planet: Premier Edition,09/07/2020,16/07/2020,9.99,Serenity Forge,2020,12.6873
118,The Escapists 2,09/07/2020,16/07/2020,19.99,Team17,2020,25.3873
119,Torchlight II,16/07/2020,23/07/2020,19.99,Xd,2020,25.3873
120,Next Up Hero,23/07/2020,30/07/2020,19.99,Digital Continue,2020,25.3873
121,Tacoma,23/07/2020,30/07/2020,19.99,Fullbright,2020,25.3873
122,20XX,30/07/2020,06/08/2020,14.99,Batterystaple Games,2020,19.037300000000002
123,Barony,30/07/2020,06/08/2020,19.99,Turning Wheel Llc,2020,25.3873
124,Superbrothers: Sword & Sworcery EP,30/07/2020,06/08/2020,7.99,Capybara Games,2020,10.1473
125,3 out of 10: Season One,06/08/2020,13/08/2020,0.0,Terrible Posture Games,2020,0.0
126,Wilmot's Warehouse,06/08/2020,13/08/2020,14.99,Finji,2020,19.037300000000002
127,Remnant: From the Ashes,13/08/2020,20/08/2020,39.99,Arc Games,2020,50.7873
128,The Alto Collection,13/08/2020,20/08/2020,9.99,Snowman,2020,12.6873
129,Enter the Gungeon,20/08/2020,27/08/2020,14.99,Devolver Digital,2020,19.037300000000002
130,God's Trigger,20/08/2020,27/08/2020,14.99,Techland Publishing,2020,19.037300000000002
131,Hitman (2016),27/08/2020,03/09/2020,29.99,Square Enix,2020,38.0873
132,Shadowrun Collection,27/08/2020,03/09/2020,39.99,Paradox Interactive,2020,50.7873
133,Into the Breach,03/09/2020,10/09/2020,14.99,Subset Games,2020,19.037300000000002
134,Railway Empire,10/09/2020,17/09/2020,29.99,Kalypso Media,2020,38.0873
135,Where the Water Tastes Like Wine,10/09/2020,17/09/2020,19.99,Good Shepherd Entertainment,2020,25.3873
136,A Total War Saga: Troy,13/09/2020,13/09/2020,49.99,Sega,2020,63.487300000000005
137,Football Manager 2020,17/09/2020,24/09/2020,5.49,Sega,2020,6.972300000000001
138,Stick It To The Man!,17/09/2020,24/09/2020,7.99,Ripstone,2020,10.1473
139,Watch Dogs 2,17/09/2020,24/09/2020,49.99,Ubisoft,2020,63.487300000000005
140,RollerCoaster Tycoon 3: Complete Edition,24/09/2020,01/10/2020,19.99,Frontier Developments,2020,25.3873
141,Pikuniku,01/10/2020,08/10/2020,12.99,Devolver Digital,2020,16.4973
142,ABZU,08/10/2020,15/10/2020,19.99,505 Games,2020,25.3873
143,Rising Storm 2: Vietnam,08/10/2020,15/10/2020,24.99,Tripwire Interactive,2020,31.737299999999998
144,Amnesia: A Machine for Pigs,15/10/2020,22/10/2020,19.99,Frictional Games,2020,25.3873
145,Kingdom New Lands,15/10/2020,22/10/2020,14.99,Raw Fury,2020,19.037300000000002
146,Costume Quest 2,22/10/2020,29/10/2020,14.99,Midnight City,2020,19.037300000000002
147,Layers of Fear 2,22/10/2020,29/10/2020,19.99,Bloober Team Sa,2020,25.3873
148,Blair Witch,29/10/2020,05/11/2020,29.99,Bloober Team Na,2020,38.0873
149,Ghostbusters: The Video Game Remastered,29/10/2020,05/11/2020,24.99,"Mad Dog Games, Llc",2020,31.737299999999998
150,Dungeons 3,05/11/2020,12/11/2020,29.99,Kalypso Media,2020,38.0873
151,The Textorcist: The Story of Ray Bibbia,12/11/2020,19/11/2020,14.99,Headup,2020,19.037300000000002
152,Elite Dangerous,19/11/2020,26/11/2020,19.99,Frontier Developments,2020,25.3873
153,The World Next Door,19/11/2020,26/11/2020,4.99,Viz Media,2020,6.3373
154,MudRunner,26/11/2020,03/12/2020,19.99,Focus Entertainment,2020,25.3873
155,Cave Story+,03/12/2020,10/12/2020,14.99,"Nicalis, Inc.",2020,19.037300000000002
156,Pillars of Eternity: Definitive Edition,10/12/2020,17/12/2020,39.99,Paradox Interactive,2020,50.7873
157,Tyranny: Gold Edition,10/12/2020,17/12/2020,49.99,Paradox Interactive,2020,63.487300000000005
158,Cities: Skylines,17/12/2020,18/12/2020,29.99,Paradox Interactive,2020,38.0873
159,Oddworld: New 'n' Tasty,18/12/2020,19/12/2020,19.99,"Oddworld Inhabitants, Inc.",2020,25.3873
160,The Long Dark,19/12/2020,20/12/2020,19.99,Hinterland Studio Inc.,2020,25.3873
161,Defense Grid: The Awakening,20/12/2020,21/12/2020,9.99,Hidden Path Entertainment,2020,12.6873
162,Alien: Isolation,21/12/2020,22/12/2020,39.99,Sega,2020,50.7873
163,Metro 2033 Redux,22/12/2020,23/12/2020,19.99,Deep Silver,2020,25.3873
164,Tropico 5,23/12/2020,24/12/2020,19.99,Kalypso Media Digital,2020,25.3873
165,Inside,24/12/2020,25/12/2020,24.99,Playdead,2020,31.737299999999998
166,Darkest Dungeon,25/12/2020,26/12/2020,24.99,Red Hook Studios,2020,31.737299999999998
167,My Time at Portia,26/12/2020,27/12/2020,29.99,Focus Entertainment,2020,38.0873
168,Night in the Woods,27/12/2020,28/12/2020,19.99,Finji,2020,25.3873
169,Stranded Deep,28/12/2020,29/12/2020,19.99,Beam Team Publishing,2020,25.3873
170,Solitairica,29/12/2020,30/12/2020,9.99,Righteous Hammer Games,2020,12.6873
171,Torchlight II,30/12/2020,31/12/2020,19.99,Xd,2020,25.3873
172,Jurassic World Evolution,31/12/2020,07/01/2021,44.99,Frontier Developments,2020,57.1373
173,Crying Suns,07/01/2021,14/01/2021,24.99,Humble Games,2021,30.487799999999996
174,STAR WARS Battlefront II,14/01/2021,21/01/2021,39.99,Electronic Arts,2021,48.787800000000004
175,Galactic Civilizations III,21/01/2021,28/01/2021,29.99,Stardock Entertainment,2021,36.587799999999994
176,Dandara,28/01/2021,04/02/2021,14.99,Raw Fury,2021,18.2878
177,For The King,04/02/2021,11/02/2021,19.99,Curve Games,2021,24.3878
178,Metro: Last Light Redux,04/02/2021,11/02/2021,19.99,Deep Silver,2021,24.3878
179,Halcyon 6: Starbase Commander,11/02/2021,18/02/2021,14.99,"Massive Damage, Inc.",2021,18.2878
180,Absolute Drift,18/02/2021,25/02/2021,11.99,Funselektor Labs Inc.,2021,14.6278
181,Rage 2,18/02/2021,25/02/2021,39.99,Bethesda Softworks,2021,48.787800000000004
182,Sunless Sea,25/02/2021,04/03/2021,18.99,Failbetter Games,2021,23.167799999999996
183,Wargame: Red Dragon,04/03/2021,11/03/2021,29.99,Eugen Systems,2021,36.587799999999994
184,Surviving Mars,11/03/2021,18/03/2021,29.99,Paradox Interactive,2021,36.587799999999994
185,The Fall,18/03/2021,25/03/2021,9.99,Over The Moon,2021,12.1878
186,Creature in the Well,25/03/2021,01/04/2021,14.99,Flight School Studio,2021,18.2878
187,Tales of the Neon Sea,01/04/2021,08/04/2021,14.99,Thermite Games,2021,18.2878
188,3 out of 10: Season Two,08/04/2021,15/04/2021,0.0,Terrible Posture Games,2021,0.0
189,Deponia,15/04/2021,22/04/2021,9.99,Daedalic Entertainment,2021,12.1878
190,Ken Follett's The Pillars of the Earth,15/04/2021,22/04/2021,19.99,Daedalic Entertainment,2021,24.3878
191,The First Tree,15/04/2021,22/04/2021,9.99,David Wehle,2021,12.1878
192,Alien: Isolation,22/04/2021,29/04/2021,39.99,Sega,2021,48.787800000000004
193,Hand of Fate 2,22/04/2021,29/04/2021,29.99,Defiant Development,2021,36.587799999999994
194,Idle Champions of the Forgotten Realms,29/04/2021,06/05/2021,11.99,Codename Entertainment Inc.,2021,14.6278
195,Pine,06/05/2021,13/05/2021,24.99,Maximum Entertainment,2021,30.487799999999996
196,The Lion's Song,13/05/2021,20/05/2021,7.99,Mi'Pu'Mi Games Gmbh,2021,9.7478
197,NBA 2K21,20/05/2021,27/05/2021,69.99,2K,2021,85.3878
198,Among Us,27/05/2021,03/06/2021,4.99,Innersloth,2021,6.0878000000000005
199,Frostpunk,03/06/2021,10/06/2021,29.99,11 Bit Studios,2021,36.587799999999994
200,Control,10/06/2021,17/06/2021,4.99,Valve,2021,6.0878000000000005
201,Hell is Other Demons,17/06/2021,24/06/2021,9.99,Cuddle Monster Games,2021,12.1878
202,Overcooked! 2,17/06/2021,24/06/2021,24.99,Team17,2021,30.487799999999996
203,Horizon Chase Turbo,24/06/2021,01/07/2021,19.99,Aquiris,2021,24.3878
204,Sonic Mania,24/06/2021,01/07/2021,19.99,Sega,2021,24.3878
205,The Spectrum Retreat,01/07/2021,08/07/2021,12.99,Ripstone,2021,15.8478
206,Bridge Constructor: The Walking Dead,08/07/2021,15/07/2021,9.99,Headup,2021,12.1878
207,Ironcast,08/07/2021,15/07/2021,14.99,Ripstone,2021,18.2878
208,Obduction,15/07/2021,22/07/2021,29.99,Cyan Inc.,2021,36.587799999999994
209,Offworld Trading Company,15/07/2021,22/07/2021,29.99,Stardock Entertainment,2021,36.587799999999994
210,Defense Grid: The Awakening,22/07/2021,29/07/2021,9.99,Hidden Path Entertainment,2021,12.1878
211,Verdun,22/07/2021,29/07/2021,19.99,Blackmill Games,2021,24.3878
212,Mothergunship,29/07/2021,05/08/2021,24.99,Terrible Posture Games,2021,30.487799999999996
213,Train Sim World 2,29/07/2021,05/08/2021,19.99,Dovetail Games - Tsw,2021,24.3878
214,A Plague Tale: Innocence,05/08/2021,12/08/2021,39.99,Focus Entertainment,2021,48.787800000000004
215,Minit,05/08/2021,12/08/2021,9.99,Devolver Digital,2021,12.1878
216,Rebel Galaxy,12/08/2021,19/08/2021,19.99,Double Damage Games,2021,24.3878
217,Void Bastards,19/08/2021,26/08/2021,29.99,Blue Manchu,2021,36.587799999999994
218,Yooka-Laylee,19/08/2021,26/08/2021,19.99,Playtonic Friends,2021,24.3878
219,Automachef,26/08/2021,02/09/2021,14.99,Team17 Digital Ltd,2021,18.2878
220,Saints Row: The Third Remastered,26/08/2021,02/09/2021,29.99,Deep Silver,2021,36.587799999999994
221,Yoku's Island Express,02/09/2021,09/09/2021,19.99,Team17 Digital Ltd,2021,24.3878
222,Nioh: The Complete Edition,09/09/2021,16/09/2021,49.99,"Koei Tecmo Games Co., Ltd.",2021,60.9878
223,Sheltered,09/09/2021,16/09/2021,14.99,Team17 Digital Ltd,2021,18.2878
224,Speed Brawl,16/09/2021,23/09/2021,19.99,Double Stallion,2021,24.3878
225,Tharsis,16/09/2021,23/09/2021,14.99,Choice Provisions,2021,18.2878
226,The Escapists,23/09/2021,30/09/2021,17.99,Team17,2021,21.947799999999997
227,Europa Universalis IV,30/09/2021,07/10/2021,49.99,Paradox Interactive,2021,60.9878
228,PC Building Simulator,07/10/2021,14/10/2021,19.99,The Irregular Corporation,2021,24.3878
229,Stubbs the Zombie in Rebel Without a Pulse,14/10/2021,21/10/2021,19.99,Aspyr,2021,24.3878
230,Among the Sleep: Enhanced Edition,21/10/2021,28/10/2021,16.99,Krillbite Studio,2021,20.7278
231,DARQ,28/10/2021,04/11/2021,19.99,Unfold Games,2021,24.3878
232,Aven Colony,04/11/2021,11/11/2021,29.99,Team17 Digital Ltd,2021,36.587799999999994
233,Rogue Company Season 4 Epic Pack (DLC),11/11/2021,18/11/2021,9.99,Hi-Rez Studios,2021,12.1878
234,Tiny Tina’s Assault on Dragon Keep: A Wonderlands One-Shot Adventure,11/11/2021,18/11/2021,9.99,2K,2021,12.1878
235,Guild of Dungeoneering,18/11/2021,25/11/2021,7.99,Gambrinous,2021,9.7478
236,KID A MNESIA EXHIBITION,18/11/2021,25/11/2021,0.0,Epic Games,2021,0.0
237,Never Alone (Kisima Ingitchuna),18/11/2021,25/11/2021,14.99,E-Line Media,2021,18.2878
238,Antstream,25/11/2021,02/12/2021,39.99,Antstream Ltd,2021,48.787800000000004
239,theHunter: Call of the Wild,25/11/2021,02/12/2021,19.99,Expansive Worlds,2021,24.3878
240,Dead by Daylight,02/12/2021,09/12/2021,19.99,Behaviour Interactive Inc.,2021,24.3878
241,while True: learn(),02/12/2021,09/12/2021,12.99,Luden.Io,2021,15.8478
242,Godfall: Challenger Edition,09/12/2021,16/12/2021,24.99,Gearbox Publishing,2021,30.487799999999996
243,Prison Architect,09/12/2021,16/12/2021,29.99,Paradox Interactive,2021,36.587799999999994
244,Shenmue III,16/12/2021,17/12/2021,29.99,Inin,2021,36.587799999999994
245,Neon Abyss,17/12/2021,18/12/2021,19.99,Team17,2021,24.3878
246,Remnant: From the Ashes,18/12/2021,19/12/2021,39.99,Arc Games,2021,48.787800000000004
247,The Vanishing of Ethan Carter,19/12/2021,20/12/2021,19.99,The Astronauts,2021,24.3878
248,Loop Hero,20/12/2021,21/12/2021,14.99,Devolver Digital,2021,18.2878
249,Second Extinction,21/12/2021,22/12/2021,0.0,Systemic Reaction,2021,0.0
250,Mutant Year Zero: Road to Eden,22/12/2021,23/12/2021,34.99,Funcom,2021,42.6878
251,Vampyr,23/12/2021,24/12/2021,39.99,Focus Entertainment,2021,48.787800000000004
252,Pathfinder: Kingmaker - Enhanced Plus Edition,24/12/2021,25/12/2021,19.99,Knights Peak,2021,24.3878
253,Prey,25/12/2021,26/12/2021,29.99,Bethesda Softworks,2021,36.587799999999994
254,Control,26/12/2021,27/12/2021,4.99,Valve,2021,6.0878000000000005
255,Mages of Mystralia,27/12/2021,28/12/2021,19.99,Borealys Games,2021,24.3878
256,Moving Out,28/12/2021,29/12/2021,24.99,Team17,2021,30.487799999999996
257,Salt and Sanctuary,29/12/2021,30/12/2021,17.99,Ska Studios,2021,21.947799999999997
258,Tomb Raider Trilogy,30/12/2021,06/01/2022,50.47,Unknown Publisher,2021,61.5734
259,Gods Will Fall,06/01/2022,13/01/2022,14.99,Deep Silver,2022,16.788800000000002
260,Galactic Civilizations III,13/01/2022,20/01/2022,29.99,Stardock Entertainment,2022,33.5888
261,Relicta,20/01/2022,27/01/2022,19.99,Ravenscourt,2022,22.3888
262,Daemon X Machina,27/01/2022,03/02/2022,49.99,Xseed Games,2022,55.988800000000005
263,Yooka-Laylee and the Impossible Lair,03/02/2022,10/02/2022,29.99,Team17 Digital Ltd,2022,33.5888
264,Windbound,10/02/2022,17/02/2022,29.99,Deep Silver,2022,33.5888
265,Brothers: A Tale of Two Sons,17/02/2022,24/02/2022,14.99,505 Games,2022,16.788800000000002
266,Cris Tales,24/02/2022,03/03/2022,39.99,Maximum Entertainment,2022,44.78880000000001
267,Black Widow: Recharged,03/03/2022,10/03/2022,9.99,Atari,2022,11.1888
268,Centipede: Recharged,03/03/2022,10/03/2022,9.99,Atari,2022,11.1888
269,Cities: Skylines,10/03/2022,17/03/2022,29.99,Paradox Interactive,2022,33.5888
270,In Sound Mind,17/03/2022,24/03/2022,34.99,Maximum Entertainment,2022,39.18880000000001
271,Demon's Tilt,24/03/2022,31/03/2022,19.99,Flarb Llc,2022,22.3888
272,City of Brass,31/03/2022,07/04/2022,19.99,Uppercut Games Pty Ltd,2022,22.3888
273,Total War: Warhammer,31/03/2022,07/04/2022,59.99,Sega,2022,67.18880000000001
274,Rogue Legacy,07/04/2022,14/04/2022,14.99,Cellar Door Games,2022,16.788800000000002
275,The Vanishing of Ethan Carter,07/04/2022,14/04/2022,19.99,The Astronauts,2022,22.3888
276,Insurmountable,14/04/2022,21/04/2022,24.99,Daedalic Entertainment,2022,27.9888
277,XCOM 2,14/04/2022,21/04/2022,59.99,2K,2022,67.18880000000001
278,Amnesia: Rebirth,21/04/2022,28/04/2022,29.99,Frictional Games,2022,33.5888
279,Riverbond,21/04/2022,28/04/2022,24.99,Cococucumber,2022,27.9888
280,Just Die Already,28/04/2022,05/05/2022,14.99,Curve Games,2022,16.788800000000002
281,Paradigm,28/04/2022,05/05/2022,14.99,Jacob Janerka,2022,16.788800000000002
282,Terraforming Mars,05/05/2022,12/05/2022,19.99,Twin Sails Interactive,2022,22.3888
283,Jotun: Valhalla Edition,12/05/2022,19/05/2022,14.99,Thunder Lotus,2022,16.788800000000002
284,Prey,12/05/2022,19/05/2022,29.99,Bethesda Softworks,2022,33.5888
285,Redout: Enhanced Edition,12/05/2022,19/05/2022,19.99,34Bigthings Srl,2022,22.3888
286,Borderlands 3,19/05/2022,26/05/2022,59.99,2K,2022,67.18880000000001
287,Bioshock: The Collection,26/05/2022,02/06/2022,59.99,2K,2022,67.18880000000001
288,Wolfenstein: The New Order,02/06/2022,09/06/2022,19.99,Bethesda Softworks,2022,22.3888
289,Maneater,09/06/2022,16/06/2022,39.99,Tripwire Interactive,2022,44.78880000000001
290,Supraland,16/06/2022,23/06/2022,19.99,Supra Games,2022,22.3888
291,A Game of Thrones: The Board Game Digital Edition,23/06/2022,30/06/2022,19.99,Twin Sails Interactive,2022,22.3888
292,Car Mechanic Simulator 2018,23/06/2022,30/06/2022,19.99,Playway S.A.,2022,22.3888
293,Geneforge 1: Mutagen,30/06/2022,07/07/2022,19.99,Spiderweb Software,2022,22.3888
294,Hood: Outlaws & Legends,30/06/2022,07/07/2022,0.0,Focus Entertainment,2022,0.0
295,Iratus: Lord of the Dead,30/06/2022,07/07/2022,29.99,Daedalic Entertainment,2022,33.5888
296,Ancient Enemy,07/07/2022,14/07/2022,16.99,Grey Alien Games,2022,19.0288
297,Killing Floor 2,07/07/2022,14/07/2022,29.99,Tripwire Interactive,2022,33.5888
298,Shop Titans,14/07/2022,21/07/2022,0.0,"Kabam Games, Inc.",2022,0.0
299,Wonder Boy: The Dragon's Trap,14/07/2022,21/07/2022,19.99,Dotemu,2022,22.3888
300,Tannenberg,21/07/2022,28/07/2022,19.99,Blackmill Games,2022,22.3888
301,Lawn Mowing Simulator,28/07/2022,04/08/2022,19.99,Curve Games,2022,22.3888
302,Unrailed!,04/08/2022,11/08/2022,19.99,Daedalic Entertainment,2022,22.3888
303,"Cook, Serve, Delicious! 3?!",11/08/2022,18/08/2022,19.99,Vertigo Gaming Inc.,2022,22.3888
304,Doom 64,18/08/2022,25/08/2022,4.99,Bethesda Softworks,2022,5.588800000000001
305,Rumbleverse Boom Boxer Pack (DLC),18/08/2022,25/08/2022,0.0,Epic Games Publishing,2022,0.0
306,Destiny 2,25/08/2022,01/09/2022,24.99,Bungie,2022,27.9888
307,Ring of Pain,25/08/2022,01/09/2022,19.99,Humble Games,2022,22.3888
308,Shadow of the Tomb Raider,01/09/2022,08/09/2022,59.99,Crystal Dynamics,2022,67.18880000000001
309,Submerged: Hidden Depths,01/09/2022,08/09/2022,29.99,Uppercut Games Pty Ltd,2022,33.5888
310,Hundred Days - Winemaking Simulator,08/09/2022,15/09/2022,24.99,Broken Arms Games,2022,27.9888
311,Realm Royale Reforged Epic Launch Bundle (DLC),08/09/2022,15/09/2022,0.0,Hi Rez Studios,2022,0.0
312,Spirit of the North,15/09/2022,22/09/2022,19.99,Silver Lining Interactive,2022,22.3888
313,The Captain,15/09/2022,22/09/2022,19.99,Tomorrow Corporation,2022,22.3888
314,ARK: Survival Evolved,22/09/2022,29/09/2022,14.99,Studio Wildcard,2022,16.788800000000002
315,Gloomhaven,22/09/2022,29/09/2022,34.99,Twin Sails Interactive,2022,39.18880000000001
316,Runbow,29/09/2022,06/10/2022,14.99,13Am Games,2022,16.788800000000002
317,The Drone Racing League Simulator,29/09/2022,06/10/2022,9.99,The Drone Racing League,2022,11.1888
318,Rising Hell,06/10/2022,13/10/2022,9.99,Toge Productions,2022,11.1888
319,Slain: Back from Hell,06/10/2022,13/10/2022,12.99,Silver Lining Interactive,2022,14.548800000000002
320,Darkwood,13/10/2022,20/10/2022,14.99,Hooded Horse,2022,16.788800000000002
321,ToeJam & Earl: Back in the Groove!,13/10/2022,20/10/2022,14.99,Humanature Studios,2022,16.788800000000002
322,Evoland,20/10/2022,27/10/2022,9.99,Shiro Games,2022,11.1888
323,Fallout 3,20/10/2022,27/10/2022,9.99,Bethesda Softworks,2022,11.1888
324,Saturnalia,27/10/2022,03/11/2022,29.99,Santa Ragione,2022,33.5888
325,"Warhammer 40,000: Mechanicus",27/10/2022,03/11/2022,29.99,Kasedo Games,2022,33.5888
326,Filament,03/11/2022,10/11/2022,16.99,Kasedo Games,2022,19.0288
327,Rising Storm 2: Vietnam,03/11/2022,10/11/2022,24.99,Tripwire Interactive,2022,27.9888
328,Alba: A Wildlife Adventure,10/11/2022,17/11/2022,16.99,Ustwo Games,2022,19.0288
329,Shadow Tactics: Blades of the Shogun,10/11/2022,17/11/2022,39.99,Daedalic Entertainment,2022,44.78880000000001
330,Dark Deity,17/11/2022,24/11/2022,24.99,Indie.Io,2022,27.9888
331,Evil Dead: The Game,17/11/2022,24/11/2022,39.99,Boss Team Games,2022,44.78880000000001
332,Star Wars: Squadrons,24/11/2022,01/12/2022,39.99,Electronic Arts,2022,44.78880000000001
333,Fort Triumph,01/12/2022,08/12/2022,19.99,Cookiebyte Entertainment,2022,22.3888
334,RPG in a Box,01/12/2022,08/12/2022,49.99,Quercus Quag Software,2022,55.988800000000005
335,Saints Row 4 Re-Elected,08/12/2022,15/12/2022,0.0,Deep Silver,2022,0.0
336,Wildcat Gun Machine,08/12/2022,15/12/2022,14.99,Daedalic Entertainment,2022,16.788800000000002
337,Bloons TD 6,15/12/2022,15/12/2022,13.99,Ninja Kiwi,2022,15.668800000000001
338,Horizon Chase Turbo,16/12/2022,16/12/2022,19.99,Aquiris,2022,22.3888
339,Costume Quest 2,17/12/2022,17/12/2022,14.99,Midnight City,2022,16.788800000000002
340,Sable,19/12/2022,20/12/2022,24.99,Raw Fury,2022,27.9888
341,Them's Fightin' Herds,20/12/2022,21/12/2022,31.98,Gameplay Group International,2022,35.817600000000006
342,Wolfenstein: The New Order,21/12/2022,22/12/2022,19.99,Bethesda Softworks,2022,22.3888
343,LEGO Builder's Journey,22/12/2022,23/12/2022,19.99,Lego® Games,2022,22.3888
344,Fallout Classic Collection,23/12/2022,24/12/2022,19.99,Bethesda Softworks,2022,22.3888
345,Encased,24/12/2022,25/12/2022,29.99,Prime Matter,2022,33.5888
346,Metro: Last Light Redux,25/12/2022,26/12/2022,19.99,Deep Silver,2022,22.3888
347,Death Stranding,26/12/2022,27/12/2022,39.99,505 Games,2022,44.78880000000001
348,F.I.S.T.: Forged In Shadow Torch,27/12/2022,28/12/2022,15.99,Astrolabe Games,2022,17.908800000000003
349,Severed Steel,28/12/2022,29/12/2022,24.99,Greylock Studio,2022,27.9888
350,Dishonored,29/12/2022,05/01/2023,9.99,Bethesda Softworks,2022,11.1888
351,Eximius: Seize the Frontline,29/12/2022,05/01/2023,19.99,Ammobox Studios,2022,22.3888
352,Mortal Shell,29/12/2022,05/01/2023,29.99,Playstack,2022,33.5888
353,Kerbal Space Program,05/01/2023,12/01/2023,39.99,Private Division,2023,43.18920000000001
354,Shadow Tactics: Blades Of The Shogun - Aiko's Choice,05/01/2023,12/01/2023,19.99,Daedalic Entertainment,2023,21.589199999999998
355,Divine Knockout,12/01/2023,19/01/2023,0.0,Hi Rez Studios,2023,0.0
356,First Class Trouble,12/01/2023,19/01/2023,14.99,Invisible Walls,2023,16.1892
357,Epistory's Typing Chronicles,19/01/2023,26/01/2023,0.0,Fishing Cactus,2023,0.0
358,Gamedec,19/01/2023,26/01/2023,6.99,Anshar Publishing,2023,7.549200000000001
359,Adios,26/01/2023,02/02/2023,17.99,Mischief,2023,19.429199999999998
360,Hell is Others,26/01/2023,02/02/2023,14.99,A List Games,2023,16.1892
361,City of Gangsters,02/02/2023,09/02/2023,29.99,Kasedo Games,2023,32.3892
362,Dishonored: Death of the Outsider,02/02/2023,09/02/2023,29.99,Bethesda Softworks,2023,32.3892
363,Recipe for Disaster,09/02/2023,16/02/2023,16.99,Kasedo Games,2023,18.3492
364,Warpips,16/02/2023,23/02/2023,16.99,Daedalic Entertainment,2023,18.3492
365,Duskers,23/02/2023,02/03/2023,19.99,Misfits Attic,2023,21.589199999999998
366,Rise of Industry,02/03/2023,09/03/2023,29.99,Kasedo Games,2023,32.3892
367,Call of the Sea,09/03/2023,16/03/2023,19.99,Raw Fury,2023,21.589199999999998
368,"Warhammer 40,000: Gladius - Relics Of War",16/03/2023,23/03/2023,39.99,Slitherine Ltd.,2023,43.18920000000001
369,Chess Ultra,23/03/2023,30/03/2023,12.99,Ripstone,2023,14.029200000000001
370,World of Warships — Starter Pack: Ishizuchi,23/03/2023,30/03/2023,21.6,Wargaming Group Limited,2023,23.328000000000003
371,The Silent Age,30/03/2023,06/04/2023,9.99,Meridian4,2023,10.789200000000001
372,Tunche,30/03/2023,06/04/2023,19.99,Hypetrain Digital,2023,21.589199999999998
373,Dying Light,06/04/2023,13/04/2023,24.99,Techland,2023,26.9892
374,shapez,06/04/2023,13/04/2023,9.99,Tobspr Games,2023,10.789200000000001
375,Mordhau,13/04/2023,20/04/2023,29.99,Triternion,2023,32.3892
376,Second Extinction,13/04/2023,20/04/2023,0.0,Systemic Reaction,2023,0.0
377,Beyond Blue,20/04/2023,27/04/2023,19.99,E-Line Media,2023,21.589199999999998
378,Never Alone (Kisima Ingitchuna),20/04/2023,27/04/2023,14.99,E-Line Media,2023,16.1892
379,Breathedge,27/04/2023,04/05/2023,24.99,Hypetrain Digital,2023,26.9892
380,Poker Club,27/04/2023,04/05/2023,19.99,Ripstone,2023,21.589199999999998
381,Against All Odds,04/05/2023,11/05/2023,4.99,25 Crimson,2023,5.389200000000001
382,Horizon Chase Turbo,04/05/2023,11/05/2023,19.99,Aquiris,2023,21.589199999999998
383,Kao the Kangaroo,04/05/2023,11/05/2023,29.99,Tate Multimedia,2023,32.3892
384,The Sims 4 The Daring Lifestyle Bundle,11/05/2023,18/05/2023,0.0,Electronic Arts,2023,0.0
385,Death Stranding,18/05/2023,25/05/2023,39.99,505 Games,2023,43.18920000000001
386,Fallout: New Vegas,25/05/2023,01/06/2023,9.99,Bethesda Softworks,2023,10.789200000000001
387,Midnight Ghost Hunt,01/06/2023,08/06/2023,19.99,Coffee Stain Publishing,2023,21.589199999999998
388,PAYDAY 2,08/06/2023,15/06/2023,9.99,Starbreeze Entertainment,2023,10.789200000000001
389,Guacamelee! 2,15/06/2023,22/06/2023,19.99,Drinkbox Studios,2023,21.589199999999998
390,Guacamelee!,15/06/2023,22/06/2023,19.99,Drinkbox Studios,2023,21.589199999999998
391,TheHunter: Call of the Wild,22/06/2023,29/06/2023,19.99,Expansive Worlds,2023,21.589199999999998
392,Idle Champions Of The Forgotten Realms Pack,22/06/2023,29/06/2023,5.99,Codename Entertainment Inc.,2023,6.469200000000001
393,The Dungeon of Naheulbeuk: The Amulet of Chaos,29/06/2023,06/07/2023,34.99,Dear Villagers,2023,37.78920000000001
394,Grime,06/07/2023,13/07/2023,24.99,Akupara Games,2023,26.9892
395,Train Valley 2,13/07/2023,20/07/2023,14.99,Flazm,2023,16.1892
396,Murder by Numbers,20/07/2023,27/07/2023,14.99,The Irregular Corporation,2023,16.1892
397,The Elder Scrolls Online,20/07/2023,27/07/2023,19.99,Bethesda Softworks,2023,21.589199999999998
398,Homeworld Remastered Collection,27/07/2023,03/08/2023,34.99,Gearbox Publishing,2023,37.78920000000001
399,Severed Steel,27/07/2023,03/08/2023,24.99,Greylock Studio,2023,26.9892
400,Bloons TD 6,03/08/2023,10/08/2023,13.99,Ninja Kiwi,2023,15.109200000000001
401,Loop Hero,03/08/2023,10/08/2023,14.99,Devolver Digital,2023,16.1892
402,Europa Universalis IV,10/08/2023,17/08/2023,49.99,Paradox Interactive,2023,53.989200000000004
403,Orwell: Keeping an Eye on You,10/08/2023,17/08/2023,9.99,Daedalic Entertainment,2023,10.789200000000001
404,Black Book,17/08/2023,24/08/2023,24.99,Hypetrain Digital,2023,26.9892
405,Dodo Peak,17/08/2023,24/08/2023,9.99,Moving Pieces Interactive,2023,10.789200000000001
406,Homeworld: Deserts of Kharak,24/08/2023,31/08/2023,49.99,Gearbox Publishing,2023,53.989200000000004
407,Cave Story+,31/08/2023,07/09/2023,14.99,"Nicalis, Inc.",2023,16.1892
408,Spelldrifter,31/08/2023,07/09/2023,19.99,Free Range Games,2023,21.589199999999998
409,911 Operator,14/09/2023,21/09/2023,14.99,Games Operators,2023,16.1892
410,Out of Line,14/09/2023,21/09/2023,8.99,Hatinh Interactive,2023,9.709200000000001
411,The Forest Quartet,21/09/2023,28/09/2023,9.99,Bedtime Digital Games,2023,10.789200000000001
412,Model Builder,28/09/2023,05/10/2023,19.99,Green Man Gaming Publishing,2023,21.589199999999998
413,Soulstice,28/09/2023,05/10/2023,39.99,Maximum Entertainment,2023,43.18920000000001
414,Godlike Burger,05/10/2023,12/10/2023,19.99,Daedalic Entertainment,2023,21.589199999999998
415,Blazing Sails,12/10/2023,19/10/2023,14.99,Iceberg Interactive,2023,16.1892
416,Q.U.B.E. Ultimate Bundle,12/10/2023,19/10/2023,19.99,Toxic Games,2023,21.589199999999998
417,Eternal Threads,19/10/2023,26/10/2023,19.99,Secret Mode,2023,21.589199999999998
418,The Evil Within,19/10/2023,26/10/2023,19.99,Bethesda Softworks,2023,21.589199999999998
419,Tandem: A Tale of Shadows,26/10/2023,02/11/2023,9.99,Hatinh Interactive,2023,10.789200000000001
420,The Evil Within 2,26/10/2023,02/11/2023,39.99,Bethesda Softworks,2023,43.18920000000001
421,F.I.S.T.: Forged In Shadow Torch,02/11/2023,09/11/2023,15.99,Astrolabe Games,2023,17.2692
422,Turnip Boy Commits Tax Evasion,02/11/2023,09/11/2023,14.99,Graffiti Games,2023,16.1892
423,Earthlock,09/11/2023,16/11/2023,29.99,Snowcastle Games,2023,32.3892
424,Golden Light,09/11/2023,16/11/2023,19.99,Mr. Pink,2023,21.589199999999998
425,Deliver Us Mars,16/11/2023,23/11/2023,29.99,Frontier Foundry,2023,32.3892
426,Surviving the Aftermath,16/11/2023,23/11/2023,29.99,Paradox Interactive,2023,32.3892
427,Jitsu Squad,23/11/2023,30/11/2023,9.99,Tanuki Creative Studio,2023,10.789200000000001
428,Mighty Fight Federation,23/11/2023,30/11/2023,29.99,Forthright Entertainment,2023,32.3892
429,GigaBash,30/11/2023,07/12/2023,24.99,Passion Republic Games,2023,26.9892
430,Predecessor,30/11/2023,07/12/2023,29.99,Omeda Studios,2023,32.3892
431,Destiny 2: Legacy Collection,07/12/2023,14/12/2023,69.99,Bungie Inc.,2023,75.5892
432,DNF Duel,20/12/2023,21/12/2023,49.99,Nexon,2023,53.989200000000004
433,Melvor Idle,21/12/2023,22/12/2023,9.99,Jagex Ltd,2023,10.789200000000001
434,20 Minutes Till Dawn,21/12/2023,31/12/2023,4.99,Erabit,2023,5.389200000000001
435,A Plague Tale: Innocence,21/12/2023,31/12/2023,39.99,Focus Entertainment,2023,43.18920000000001
436,Black Book,21/12/2023,31/12/2023,24.99,Hypetrain Digital,2023,26.9892
437,Dishonored: Death of the Outsider,21/12/2023,31/12/2023,29.99,Bethesda Softworks,2023,32.3892
438,Escape Academy,21/12/2023,31/12/2023,19.99,Iam8Bit Presents,2023,21.589199999999998
439,Grime,21/12/2023,31/12/2023,24.99,Akupara Games,2023,26.9892
440,Idle Champions of the Forgotten Realms (DLC pack),21/12/2023,31/12/2023,5.99,Codename Entertainment Inc.,2023,6.469200000000001
441,Marvel's Guardians of the Galaxy,21/12/2023,31/12/2023,59.99,Eidos Interactive Corp.,2023,64.78920000000001
442,theHunter: Call of the Wild,21/12/2023,31/12/2023,19.99,Expansive Worlds,2023,21.589199999999998
443,Train Sim World 3,21/12/2023,31/12/2023,24.99,Dovetail Games,2023,26.9892
444,Train Valley 2,21/12/2023,31/12/2023,14.99,Flazm,2023,16.1892
445,Turnip Boy Commits Tax Evasion,21/12/2023,31/12/2023,14.99,Graffiti Games,2023,16.1892
446,Art of Rally,22/12/2023,23/12/2023,24.99,Funselektor Labs Inc.,2023,26.9892
447,Fallout 3,23/12/2023,24/12/2023,9.99,Bethesda Softworks,2023,10.789200000000001
448,Ghostwire: Tokyo,24/12/2023,25/12/2023,59.99,Bethesda Softworks,2023,64.78920000000001
449,The Outer Worlds,25/12/2023,26/12/2023,29.99,Private Division,2023,32.3892
450,Human Resource Machine,26/12/2023,27/12/2023,14.99,Tomorrow Corporation,2023,16.1892
451,Cursed to Golf,27/12/2023,28/12/2023,19.99,Thunderful Publishing,2023,21.589199999999998
452,Cat Quest,28/12/2023,29/12/2023,12.99,Kepler Interactive,2023,14.029200000000001
453,Snakebird Complete,29/12/2023,30/12/2023,14.99,Noumenon Games,2023,16.1892
454,Saints Row (2022),30/12/2023,31/12/2023,29.99,Deep Silver Volition,2023,32.3892
455,Ghostrunner,31/12/2023,01/01/2024,29.99,505 Games,2023,32.3892
456,Escape Academy,01/01/2024,02/01/2024,19.99,Iam8Bit Presents,2024,20.7896
457,20 Minutes Till Dawn,02/01/2024,03/01/2024,4.99,Erabit,2024,5.1896
458,A Plague Tale: Innocence,03/01/2024,04/01/2024,39.99,Focus Entertainment,2024,41.589600000000004
459,Marvel's Guardians of the Galaxy,04/01/2024,11/01/2024,59.99,Eidos Interactive Corp.,2024,62.3896
460,Sail Forth,11/01/2024,18/01/2024,19.99,The Quantum Astrophysicists Guild,2024,20.7896
461,LOVE,18/01/2024,25/01/2024,2.99,Wealthbird,2024,3.1096000000000004
462,Infinifactory,25/01/2024,01/02/2024,24.99,Zachtronics,2024,25.9896
463,Doors: Paradox,01/02/2024,08/02/2024,14.99,Snapbreak,2024,15.5896
464,Lost Castle,08/02/2024,15/02/2024,9.99,Hunter Studio,2024,10.3896
465,Doki Doki Literature Club Plus!,08/02/2024,15/02/2024,14.99,Serenity Forge,2024,15.5896
466,Dakar Desert Rally,15/02/2024,22/02/2024,29.99,Saber Interactive,2024,31.1896
467,Super Meat Boy Forever,22/02/2024,29/02/2024,4.99,Team Meat,2024,5.1896
468,Aerial_Knight's Never Yield,29/02/2024,07/03/2024,11.99,Headup,2024,12.4696
469,Thief (2014),04/03/2024,11/04/2024,19.99,Square Enix,2024,20.7896
470,The Outer Worlds,04/03/2024,11/04/2024,29.99,Private Division,2024,31.1896
471,Astro Duel,07/03/2024,14/03/2024,9.99,Wild Rooster,2024,10.3896
472,The Bridge,14/03/2024,21/03/2024,9.99,The Quantum Astrophysicists Guild,2024,10.3896
473,LISA: The Painful,14/03/2024,21/03/2024,19.99,Serenity Forge,2024,20.7896
474,Deus Ex: Mankind Divided,14/03/2024,21/03/2024,29.99,Eidos Interactive Corp.,2024,31.1896
475,Call of The Wild: The Angler,21/03/2024,28/03/2024,29.99,Avalanche Studios,2024,31.1896
476,Invincible Presents: Atom Eve,21/03/2024,28/03/2024,9.99,Skybound Games,2024,10.3896
477,Islets,28/03/2024,04/04/2024,19.99,Armor Games Studios,2024,20.7896
478,Circus Electrique,04/04/2024,11/04/2024,19.99,Zen Studios,2024,20.7896
479,Ghostrunner,11/04/2024,18/04/2024,29.99,505 Games,2024,31.1896
480,The Big Con,18/04/2024,25/04/2024,14.99,Skybound Games,2024,15.5896
481,Town of Salem 2,18/04/2024,25/04/2024,12.99,Digital Bandidos,2024,13.5096
482,Circus Electrique,18/04/2024,25/04/2024,19.99,Zen Studios,2024,20.7896
483,Industria,25/04/2024,02/05/2024,19.99,Headup,2024,20.7896
484,Orcs Must Die! 3,02/05/2024,09/05/2024,29.99,Robot Entertainment,2024,31.1896
485,LISA: The Joyful,02/05/2024,09/05/2024,9.99,Serenity Forge,2024,10.3896
486,Cat Quest II,02/05/2024,09/05/2024,14.99,Kepler Interactive,2024,15.5896
487,Orcs Must Die! 2,09/05/2024,16/05/2024,14.99,Robot Entertainment,2024,15.5896
488,Firestone: Online Idle RPG,09/05/2024,16/05/2024,0.0,Holyday Studios,2024,0.0
489,Dragon Age: Inquisition,16/05/2024,23/05/2024,39.99,Electronic Arts,2024,41.589600000000004
490,Farming Simulator 22,23/05/2024,30/05/2024,19.99,Giants Software,2024,20.7896
491,Chivalry 2,30/05/2024,06/06/2024,39.99,Tripwire Presents,2024,41.589600000000004
492,Marvel's Midnight Suns,30/05/2024,06/06/2024,59.99,2K,2024,62.3896
493,Redout 2,06/06/2024,13/06/2024,19.99,34Bigthings Srl,2024,20.7896
494,Idle Champions of the Forgotten Realms (DLC pack),13/06/2024,20/06/2024,5.99,Codename Entertainment Inc.,2024,6.2296000000000005
495,Freshly Frosted + Rumble Club pack,20/06/2024,27/06/2024,9.99,The Quantum Astrophysicists Guild,2024,10.3896
496,Sunless Skies: Sovereign Edition,27/06/2024,04/07/2024,24.99,Failbetter Games,2024,25.9896
497,The Falconeer,04/07/2024,11/07/2024,19.99,Wired Productions,2024,20.7896
498,Floppy Knights,11/07/2024,18/07/2024,7.99,Rose City Games,2024,8.3096
499,Arcade Paradise,18/07/2024,25/07/2024,19.99,Wired Productions,2024,20.7896
500,Maid of Sker,18/07/2024,25/07/2024,24.99,Wales Interactive,2024,25.9896
501,F.I.S.T.: Forged In Shadow Torch,25/07/2024,01/08/2024,15.99,Astrolabe Games,2024,16.6296
502,LumbearJack,01/08/2024,08/08/2024,12.99,Armor Games Studios,2024,13.5096
503,Rawmen: Food Fighter Arena,01/08/2024,08/08/2024,0.0,Tinybuild,2024,0.0
504,DNF Duel,08/08/2024,15/08/2024,49.99,Nexon,2024,51.9896
505,CYGNI: All Guns Blazing,08/08/2024,15/08/2024,29.99,Konami,2024,31.1896
506,Death's Gambit: Afterlife,15/08/2024,22/08/2024,19.99,Serenity Forge,2024,20.7896
507,World of Warships – Starter Pack: Albany,15/08/2024,22/08/2024,23.6,Wargaming Group Limited,2024,24.544000000000004
508,Gigantic: Rampage Edition,22/08/2024,29/08/2024,19.99,Arc Games,2024,20.7896
509,The Callisto Protocol,22/08/2024,29/08/2024,59.99,"Krafton, Inc.",2024,62.3896
510,Fallout Classic Edition,29/08/2024,05/09/2024,19.99,Bethesda Softworks,2024,20.7896
511,Wild Card Football,29/08/2024,05/09/2024,29.99,Saber Interactive,2024,31.1896
512,Football Manager 2024,05/09/2024,12/09/2024,5.99,Sega,2024,6.2296000000000005
513,Sniper Ghost Warrior Contracts,05/09/2024,12/09/2024,29.99,Ci Games,2024,31.1896
514,Rugrats: Adventures in Gameland,12/09/2024,19/09/2024,19.99,The Mix Games,2024,20.7896
515,Super Crazy Rhythm Castle,12/09/2024,19/09/2024,19.99,Konami,2024,20.7896
516,Toem,19/09/2024,26/09/2024,19.99,Something We Made,2024,20.7896
517,The Last Stand: Aftermath,19/09/2024,26/09/2024,24.99,Armor Games Studios,2024,25.9896
518,The Spirit and the Mouse,26/09/2024,03/10/2024,19.99,Armor Games Studios,2024,20.7896
519,Bear and Breakfast,03/10/2024,10/10/2024,19.99,Armor Games Studios,2024,20.7896
520,Outliver: Tribulation,10/10/2024,17/10/2024,7.99,Gbrossoft,2024,8.3096
521,Empyrion - Galactic Survival,10/10/2024,17/10/2024,19.99,Eleon Game Studios,2024,20.7896
522,Kardboard Kings: Card Shop Simulator,17/10/2024,17/10/2024,19.99,Akupara Games,2024,20.7896
523,Invincible Presents: Atom Eve,17/10/2024,24/10/2024,9.99,Skybound Games,2024,10.3896
524,Moving Out,24/10/2024,31/10/2024,24.99,Team17,2024,25.9896
525,Ghostwire: Tokyo,31/10/2024,07/11/2024,59.99,Bethesda Softworks,2024,62.3896
526,Witch It,31/10/2024,07/11/2024,19.99,Barrel Roll Games,2024,20.7896
527,Deceive Inc.,07/11/2024,14/11/2024,19.99,Tripwire Presents,2024,20.7896
528,Castlevania Anniversary Collection,14/11/2024,21/11/2024,19.99,Konami,2024,20.7896
529,Snakebird Complete,14/11/2024,21/11/2024,14.99,Noumenon Games,2024,15.5896
530,Beholder,21/11/2024,28/11/2024,13.99,Alawar,2024,14.5496
531,Brotato,28/11/2024,05/12/2024,4.99,Blobfish,2024,5.1896
532,Lego Star Wars: The Skywalker Saga,05/12/2024,12/12/2024,49.99,Warner Bros. Games,2024,51.9896
533,Bus Simulator 21 Next Stop,05/12/2024,12/12/2024,34.99,Astragon Entertainment,2024,36.3896
534,The Lord of the Rings: Return to Moria,12/12/2024,19/12/2024,24.99,North Beach Games,2024,25.9896
535,Vampire Survivors,19/12/2024,20/12/2024,4.99,Poncle,2024,5.1896
536,Astrea: Six-Sided Oracles,20/12/2024,21/12/2024,24.99,Akupara Games,2024,25.9896
537,TerraTech,21/12/2024,22/12/2024,24.99,Mythwright,2024,25.9896
538,Wizard of Legend,22/12/2024,23/12/2024,15.99,Contingent99,2024,16.6296
539,Dark and Darker,23/12/2024,24/12/2024,0.0,Ironmace,2024,0.0
540,DREDGE,24/12/2024,25/12/2024,24.99,Team17,2024,25.9896
541,Control,25/12/2024,26/12/2024,4.99,Valve,2024,5.1896
542,Ghostrunner 2,26/12/2024,27/12/2024,39.99,505 Games,2024,41.589600000000004
543,Hot Wheels Unleashed,27/12/2024,28/12/2024,39.99,Milestone S.R.L.,2024,41.589600000000004
544,KILL KNIGHT,28/12/2024,29/12/2024,14.99,Playside,2024,15.5896
545,Orcs Must Die! 3,29/12/2024,30/12/2024,29.99,Robot Entertainment,2024,31.1896
546,[REDACTED],30/12/2024,31/12/2024,24.99,"Krafton, Inc.",2024,25.9896
547,Sifu,31/12/2024,01/01/2025,39.99,Sloclap,2024,41.589600000000004
548,Kingdom Come: Deliverance,01/01/2025,02/01/2025,29.99,Warhorse Studios,2025,30.2899
549,Hell Let Loose,02/01/2025,09/01/2025,49.99,Team17,2025,50.489900000000006
550,Turmoil,09/01/2025,16/01/2025,12.99,Kiwiclockwork Studios,2025,13.1199
551,Escape Academy,16/01/2025,23/01/2025,19.99,Iam8Bit Presents,2025,20.189899999999998
552,Behind the Frame: The Finest Scenery,23/01/2025,30/01/2025,12.99,Akupara Games,2025,13.1199
553,Undying,30/01/2025,06/02/2025,19.99,Skystone Games,2025,20.189899999999998
554,Beyond Blue,06/02/2025,13/02/2025,19.99,E-Line Media,2025,20.189899999999998
555,Humankind,06/02/2025,13/02/2025,49.99,Amplitude Studios,2025,50.489900000000006
556,F1 Manager 2024,13/02/2025,20/02/2025,34.99,Frontier Developments,2025,35.3399
557,Garden Story,20/02/2025,27/02/2025,19.99,Rose City Games,2025,20.189899999999998
558,World War Z Aftermath,20/02/2025,27/02/2025,39.99,Saber Interactive Inc,2025,40.389900000000004
559,Mages of Mystralia,27/02/2025,06/03/2025,19.99,Borealys Games,2025,20.189899999999998
560,Them's Fightin' Herds,06/03/2025,13/03/2025,31.98,Gameplay Group International,2025,32.2998
561,Mortal Shell,13/03/2025,20/03/2025,29.99,Playstack,2025,30.2899
562,World Of Warships – Anniversary Party Flavor,13/03/2025,20/03/2025,0.0,Wargaming Group Limited,2025,0.0
563,Jurassic World Evolution 2,20/03/2025,27/03/2025,59.99,Frontier Developments,2025,60.5899
564,Cat Quest,27/03/2025,03/04/2025,12.99,Kepler Interactive,2025,13.1199
565,"Neko Ghost, Jump!",27/03/2025,03/04/2025,9.99,Burgos Games,2025,10.0899
566,Cat Quest 2,03/04/2025,10/04/2025,14.99,Kepler Interactive,2025,15.1399
567,River City Girls,10/04/2025,17/04/2025,29.99,Wayforward,2025,30.2899
568,Botanicula,17/04/2025,24/04/2025,14.99,Amanita Design,2025,15.1399
569,Chuchel,24/04/2025,01/05/2025,9.99,Amanita Design,2025,10.0899
570,Albion Online Welcome Gift,24/04/2025,01/05/2025,0.0,Sandbox Interactive,2025,0.0
571,Super Space Club,01/05/2025,08/05/2025,14.99,Grahamoflegend,2025,15.1399
572,Deadtime Defenders,08/05/2025,15/05/2025,9.99,Arcane Embers,2025,10.0899
573,Touch Type Tale,08/05/2025,15/05/2025,19.99,Mythwright,2025,20.189899999999998
574,Happy Game,15/05/2025,22/05/2025,13.13,Amanita Design,2025,13.2613
575,Dead Island 2,15/05/2025,22/05/2025,59.99,Deep Silver,2025,60.5899
576,Deliver At All Costs,22/05/2025,29/05/2025,29.99,Konami,2025,30.2899
577,Gigapocalypse,22/05/2025,29/05/2025,9.99,Headup,2025,10.0899
578,Sifu,22/05/2025,29/05/2025,39.99,Sloclap,2025,40.389900000000004
579,Limbo,29/05/2025,05/06/2025,12.49,Playdead,2025,12.6149
580,Tiny Tina's Wonderlands,29/05/2025,05/06/2025,59.99,2K,2025,60.5899
581,Deathloop,05/06/2025,12/06/2025,59.99,Bethesda Softworks,2025,60.5899
582,Ogu and the Secret Forest,05/06/2025,12/06/2025,24.99,Sinkhole Studio,2025,25.2399
583,Two Point Hospital,12/06/2025,19/06/2025,29.99,Sega,2025,30.2899
584,The Operator,19/06/2025,26/06/2025,13.99,Bureau 81,2025,14.129900000000001
585,Sable,26/06/2025,03/07/2025,24.99,Raw Fury,2025,25.2399
586,Backpack Hero,03/07/2025,10/07/2025,19.99,Pretty Soon,2025,20.189899999999998
587,Figment,03/07/2025,10/07/2025,19.99,Bedtime Digital Games,2025,20.189899999999998
588,Figment 2,10/07/2025,17/07/2025,24.99,Bedtime Digital Games,2025,25.2399
589,Sky Racket,10/07/2025,17/07/2025,14.99,Double Dash Studios,2025,15.1399
590,Civilization 6 Platinum Edition,17/07/2025,24/07/2025,79.99,2K,2025,80.78989999999999
591,Legion TD2,24/07/2025,31/07/2025,19.99,Autoattack Games,2025,20.189899999999998
592,Keylocker,31/07/2025,07/08/2025,19.99,Serenity Forge,2025,20.189899999999998
593,Pilgrims,31/07/2025,07/08/2025,6.99,Amanita Design,2025,7.0599
594,112 Operator,07/08/2025,14/08/2025,24.99,Games Operators,2025,25.2399
595,Road Redemption,07/08/2025,14/08/2025,19.99,Tripwire Presents,2025,20.189899999999998
596,Hidden Folks,14/08/2025,21/08/2025,14.99,Adriaan De Jongh,2025,15.1399
597,Totally Reliable Delivery Service,14/08/2025,21/08/2025,14.99,Infogrames,2025,15.1399
598,Kamaeru: A Frog Refuge,21/08/2025,28/08/2025,19.99,Armor Games Studios,2025,20.189899999999998
599,Strange Horticulture,21/08/2025,28/08/2025,15.99,Iceberg Interactive,2025,16.1499
600,Machinarium,28/08/2025,04/09/2025,19.99,Amanita Design,2025,20.189899999999998
601,Make Way,28/08/2025,04/09/2025,14.99,Secret Mode,2025,15.1399
602,Monument Valley,04/09/2025,11/09/2025,7.99,Ustwo Games,2025,8.0699
603,Ghostrunner 2,11/09/2025,18/09/2025,39.99,505 Games,2025,40.389900000000004
604,Monument Valley 2,11/09/2025,18/09/2025,7.99,Ustwo Games,2025,8.0699
605,The Battle of Polytopia,11/09/2025,18/09/2025,14.99,Midjiwan Ab,2025,15.1399
606,Project Winter,18/09/2025,25/09/2025,9.99,Other Ocean Group,2025,10.0899
607,Samorost 2,18/09/2025,25/09/2025,4.99,Amanita Design,2025,5.0399
608,Eastern Exorcist,25/09/2025,02/10/2025,17.99,Wildfire Game（无锡野火数字科技有限公司）,2025,18.1699
609,Jorel’s Brother and The Most Important Game of the Galaxy,25/09/2025,02/10/2025,14.99,Double Dash Studios,2025,15.1399
610,Nightingale,02/10/2025,09/10/2025,29.99,Inflexion Games,2025,30.2899
611,Gravity Circuit,09/10/2025,16/10/2025,16.99,Pid Games,2025,17.159899999999997
612,Amnesia: The Bunker,16/10/2025,23/10/2025,24.99,Frictional Games,2025,25.2399
613,Samorost 3,16/10/2025,23/10/2025,19.99,Amanita Design,2025,20.189899999999998
614,Fear the Spotlight,23/10/2025,30/10/2025,19.99,Blumhouse Games,2025,20.189899999999998
615,Five Nights at Freddy's: Into the Pit,30/10/2025,06/11/2025,19.99,Mega Cat Studios,2025,20.189899999999998
616,Bendy and the Ink Machine,30/10/2025,06/11/2025,19.99,Joey Drew Studios,2025,20.189899999999998
617,Felix The Reaper,06/11/2025,13/11/2025,9.99,Daedalic Entertainment,2025,10.0899
618,ScourgeBringer,13/11/2025,20/11/2025,16.99,Dear Villagers,2025,17.159899999999997
619,Songs of Silence,13/11/2025,20/11/2025,29.99,Chimera Entertainment,2025,30.2899
620,Zero Hour,13/11/2025,20/11/2025,9.99,Attritom7 Productions,2025,10.0899
621,Zoeti,20/11/2025,27/11/2025,19.99,Akupara Games,2025,20.189899999999998
622,Godzilla Voxel Wars,20/11/2025,27/11/2025,14.99,"Toho Co., Ltd.",2025,15.1399
623,Universe for Sale,27/11/2025,04/12/2025,14.99,Akupara Games,2025,15.1399
624,The Darkside Detective,04/12/2025,11/12/2025,14.99,Akupara Games,2025,15.1399
625,The Jackbox Party Pack 4,04/12/2025,11/12/2025,24.99,"Jackbox Games, Inc.",2025,25.2399
626,Hogwarts Legacy,11/12/2025,18/12/2025,59.99,Warner Bros. Games,2025,60.5899
627,Jotunnslayer: Hordes of Hel,18/12/2025,19/12/2025,14.99,Grindstone,2025,15.1399
628,Eternights,19/12/2025,20/12/2025,29.99,Studio Sai,2025,30.2899
629,Blood West,20/12/2025,21/12/2025,24.99,New Blood Interactive,2025,25.2399
630,Sorry We're Closed,21/12/2025,22/12/2025,24.99,Akupara Games,2025,25.2399
631,Paradise Killer,22/12/2025,23/12/2025,19.99,Fellow Traveller,2025,20.189899999999998
632,Bloodstained: Ritual of the Night,23/12/2025,24/12/2025,39.99,505 Games,2025,40.389900000000004
633,The Callisto Protocol,24/12/2025,25/12/2025,59.99,"Krafton, Inc.",2025,60.5899
634,Disco Elysium — The Final Cut,25/12/2025,26/12/2025,39.99,Za/Um,2025,40.389900000000004
635,We Were Here Together,26/12/2025,27/12/2025,12.99,Total Mayhem Games,2025,13.1199
636,Cassette Beasts,27/12/2025,28/12/2025,19.99,Raw Fury,2025,20.189899999999998
637,SKALD: Against the Black Priory,28/12/2025,29/12/2025,14.99,Raw Fury,2025,15.1399
638,Viewfinder,29/12/2025,30/12/2025,24.99,Thunderful Publishing,2025,25.2399
639,Trine Classic Collection,30/12/2025,31/12/2025,49.99,Frozenbyte,2025,50.489900000000006
640,Chivalry 2,31/12/2025,01/01/2026,39.99,Tripwire Presents,2025,40.389900000000004
641,Wildgate,01/01/2026,08/01/2026,29.99,Dreamhaven,2026,29.99
642,Total War: Three Kingdoms,01/01/2026,08/01/2026,59.99,Sega,2026,59.99
643,Bloons TD 6,08/01/2026,15/01/2026,13.99,Ninja Kiwi,2026,13.99
644,Styx: Master of Shadows,15/01/2026,22/01/2026,19.99,Cyanide Studio,2026,19.99
645,Styx: Shards of Darkness - Deluxe Edition,15/01/2026,22/01/2026,19.99,Nacon,2026,19.99
646,Rustler - Grand Theft Horse,22/01/2026,29/01/2026,24.99,Games Operators,2026,24.99
